seed combination, count
practice english brevity dog font,0
character dog fox,0
english alphabet dog fox,0
quick brevity fox font,0
character keyboards english dog font,0
keyboards dog font,0
quick practice keyboards fox,0
character alphabet dog fox font,0
character english alphabet font,0
quick computer english brevity font,0
practice english fox font,0
computer practice keyboards english brevity,0
computer dog,0
character quick keyboards alphabet,0
computer character english dog,0
practice computer keyboards dog font,0
computer practice alphabet font,0
computer character keyboards alphabet fox,0
quick practice alphabet brevity,0
character english,0
computer practice quick keyboards english,0
practice quick keyboards brevity dog,0
computer keyboards english brevity fox,0
practice quick computer fox font,0
computer alphabet brevity dog font,0
practice character fox,0
practice character brevity dog,0
quick character english alphabet fox,0
practice english alphabet dog,0
keyboards english brevity,0
computer practice character dog fox,0
practice keyboards english dog fox,0
english dog fox font,0
character keyboards english alphabet dog,0
character keyboards brevity font,0
quick keyboards english,0
computer quick character brevity,0
keyboards alphabet dog,0
computer quick keyboards english fox,0
practice character keyboards english font,0
quick keyboards dog fox,0
computer alphabet fox font,0
character quick keyboards alphabet brevity,0
practice keyboards alphabet,0
practice quick english dog font,0
computer quick alphabet dog font,0
quick alphabet brevity fox,0
quick practice character dog,0
alphabet font,0
computer character english fox,0
computer character quick alphabet font,0
keyboards brevity dog font,0
quick computer english alphabet,0
keyboards fox font,0
character quick keyboards font,0
practice keyboards fox,0
character english alphabet brevity fox,0
brevity,1
practice character alphabet dog font,0
character english brevity fox font,0
computer practice keyboards dog fox,0
practice keyboards brevity dog,0
character computer keyboards alphabet font,0
computer keyboards alphabet dog fox,0
character quick dog fox,0
computer alphabet brevity dog fox,0
quick practice keyboards brevity fox,0
computer quick english font,0
computer practice brevity,0
quick brevity dog font,0
computer keyboards english alphabet,0
keyboards alphabet brevity dog,0
computer practice quick alphabet font,0
computer practice quick alphabet dog,0
practice alphabet brevity,0
practice keyboards brevity font,0
character keyboards english alphabet fox,0
quick practice keyboards dog,0
computer practice brevity fox font,0
practice character brevity fox,0
computer character keyboards fox font,0
quick practice computer,0
quick computer alphabet dog fox,0
computer english brevity font,0
computer practice keyboards alphabet dog,0
quick practice english dog fox,0
keyboards brevity dog fox,0
computer practice alphabet brevity font,0
quick keyboards alphabet dog,0
quick practice alphabet,0
computer keyboards english fox,0
character keyboards english fox font,0
computer practice keyboards alphabet fox,0
quick keyboards english alphabet font,0
character english alphabet fox,0
practice character quick fox,0
practice computer brevity dog font,0
computer practice alphabet brevity fox,0
practice keyboards alphabet brevity,0
practice quick english alphabet dog,0
quick practice brevity font,0
computer english alphabet,0
quick practice character keyboards brevity,0
computer practice,0
practice english brevity dog fox,0
practice character dog,0
character english alphabet brevity font,0
character keyboards font,0
computer brevity dog,0
quick keyboards brevity dog fox,0
practice keyboards dog,0
keyboards english alphabet brevity font,0
quick character english fox font,0
practice english alphabet brevity dog,0
quick practice computer alphabet fox,0
keyboards english,0
computer keyboards english font,0
practice alphabet dog fox font,0
practice quick computer dog font,0
practice quick keyboards alphabet,0
computer practice english dog,0
character brevity dog fox,0
quick alphabet brevity dog,0
character quick english alphabet font,0
practice keyboards brevity fox,0
practice character computer dog font,0
computer quick dog,0
quick character alphabet brevity,0
character keyboards brevity fox,0
computer dog fox font,0
keyboards alphabet brevity fox,0
practice character english alphabet,0
quick practice character keyboards,0
quick keyboards english alphabet fox,0
english alphabet fox font,0
practice english dog fox,0
practice character font,0
practice alphabet,0
character computer quick alphabet fox,0
quick keyboards fox font,0
character brevity dog font,0
computer quick keyboards alphabet font,0
practice keyboards english alphabet dog,0
quick character keyboards fox,0
quick practice keyboards english alphabet,0
practice english alphabet font,0
computer character dog fox font,0
character computer alphabet font,0
character fox font,0
quick keyboards alphabet fox,0
quick keyboards brevity dog font,0
quick character keyboards brevity dog,0
practice character english font,0
fox font,0
computer character practice keyboards fox,0
quick practice computer brevity,0
quick alphabet brevity font,0
keyboards english alphabet brevity fox,0
alphabet fox,0
computer english font,0
practice character alphabet,0
practice keyboards english dog font,0
computer keyboards alphabet dog font,0
brevity dog font,0
quick character brevity font,0
character practice english dog fox,0
quick practice keyboards font,0
character computer keyboards dog font,0
computer character brevity fox font,0
practice brevity font,0
practice character english brevity font,0
alphabet brevity dog,0
quick practice english alphabet fox,0
computer practice english brevity dog,0
quick character english dog font,0
computer practice dog font,0
keyboards english dog fox font,0
character english alphabet dog,0
character computer practice alphabet brevity,0
practice quick keyboards english font,0
computer alphabet dog fox,0
quick practice fox,0
keyboards alphabet font,0
quick keyboards brevity fox font,0
character keyboards fox,0
quick keyboards english alphabet dog,0
practice computer alphabet fox,0
computer character quick fox font,0
computer brevity dog fox font,0
practice character computer fox font,0
practice character quick english font,0
character alphabet dog,0
practice character keyboards brevity,0
character keyboards alphabet,0
practice english alphabet brevity fox,0
quick alphabet dog,0
character english brevity dog font,0
computer practice keyboards alphabet font,0
practice keyboards english brevity font,0
practice character quick computer alphabet,0
computer quick brevity dog,0
computer keyboards alphabet brevity font,0
english alphabet dog font,0
character quick dog font,0
character keyboards english dog fox,0
keyboards english alphabet brevity dog,0
character quick english dog fox,0
brevity fox font,0
quick english alphabet dog fox,0
computer quick dog fox font,0
quick dog fox,0
character brevity fox font,0
english alphabet brevity fox font,0
quick keyboards dog font,0
practice character computer keyboards font,0
computer character alphabet brevity font,0
computer character quick alphabet dog,0
character alphabet brevity,0
practice english brevity fox font,0
computer character keyboards alphabet dog,0
computer character quick dog font,0
character practice english alphabet brevity,0
computer practice keyboards fox font,0
computer practice character keyboards alphabet,0
alphabet brevity fox,0
computer keyboards alphabet fox font,0
computer keyboards dog fox font,0
character keyboards brevity dog,0
character english brevity dog fox,0
practice character keyboards english fox,0
quick character alphabet,0
quick fox font,0
english alphabet brevity dog fox,0
practice character keyboards english alphabet,0
practice keyboards english fox font,0
quick practice font,0
quick practice character english dog,0
quick alphabet font,0
quick character keyboards brevity fox,0
quick character english alphabet dog,0
dog font,0
practice character computer brevity font,0
keyboards dog fox,0
quick english dog fox font,0
practice keyboards english alphabet fox,0
computer practice fox font,0
practice keyboards english alphabet brevity,0
practice computer character alphabet,0
character english alphabet brevity dog,0
quick alphabet fox,0
practice english alphabet brevity font,0
practice keyboards font,0
quick character keyboards dog,0
character quick keyboards brevity font,0
character keyboards dog,0
alphabet dog,0
alphabet brevity font,0
quick dog font,0
character dog font,0
keyboards alphabet brevity font,0
quick english alphabet dog font,0
english brevity dog fox font,0
character practice keyboards english dog,0
computer alphabet brevity fox font,0
character alphabet fox,0
quick character practice english fox,0
quick practice english alphabet font,0
character practice english brevity fox,0
character computer alphabet brevity fox,0
practice font,0
practice english dog font,0
practice character computer quick font,0
character quick fox font,0
computer alphabet dog font,0
computer character keyboards dog fox,0
keyboards alphabet fox,0
quick character brevity fox,0
practice character keyboards,0
practice english alphabet fox,0
practice character quick english alphabet,0
practice quick english fox font,0
computer character brevity dog font,0
keyboards english alphabet dog fox,0
quick keyboards alphabet brevity,0
computer quick alphabet fox font,0
character keyboards alphabet brevity,0
quick keyboards alphabet font,0
keyboards brevity fox font,0
english alphabet brevity dog font,0
english alphabet,1
character english dog fox,0
quick computer alphabet brevity font,0
alphabet dog fox,0
dog fox,0
quick practice character brevity,0
quick practice keyboards english fox,0
character alphabet font,0
computer practice quick keyboards alphabet,0
character font,0
computer practice quick keyboards font,0
practice character quick computer fox,0
computer english alphabet dog,0
english,1
quick practice character alphabet brevity,0
practice character computer font,0
keyboards english alphabet dog,0
quick computer keyboards fox font,0
quick practice character keyboards fox,0
quick practice english brevity,0
practice brevity dog,0
quick character keyboards english,0
keyboards english dog,0
computer practice alphabet dog fox,0
computer keyboards alphabet brevity fox,0
practice computer english,0
practice fox,0
character quick keyboards english alphabet,0
character keyboards alphabet dog,0
computer quick brevity font,0
keyboards brevity,0
quick character brevity dog,0
computer keyboards alphabet fox,0
quick character alphabet brevity dog,0
computer keyboards fox,0
practice dog,0
quick computer keyboards dog font,0
practice character english dog font,0
computer quick english dog font,0
computer keyboards brevity dog,0
quick practice character keyboards dog,0
character brevity font,0
practice keyboards alphabet dog fox,0
practice alphabet dog,0
practice computer english alphabet,0
quick practice brevity dog fox,0
keyboards alphabet brevity,0
quick computer character english brevity,0
alphabet brevity dog fox,0
practice keyboards english alphabet,0
practice quick dog font,0
brevity dog fox,0
quick keyboards brevity font,0
character keyboards english brevity font,0
quick english alphabet brevity fox,0
computer character alphabet brevity dog,0
computer practice keyboards brevity,0
quick english brevity fox,0
computer english dog,0
practice quick alphabet dog font,0
quick keyboards english dog fox,0
computer character dog font,0
practice character english fox,0
practice keyboards english,0
quick character alphabet fox,0
computer keyboards english dog fox,0
practice character keyboards fox font,0
quick practice alphabet dog fox,0
computer quick character keyboards brevity,0
quick keyboards english dog font,0
keyboards english brevity dog,0
quick practice character computer dog,0
computer practice quick english font,0
quick practice english,0
computer practice keyboards,0
english brevity fox font,0
practice computer english alphabet brevity,0
character alphabet brevity fox font,0
computer character keyboards english,0
computer character quick dog,0
practice character quick alphabet,0
computer practice brevity dog fox,0
practice quick fox font,0
keyboards alphabet,0
quick english alphabet font,0
english brevity,0
quick computer english dog fox,0
character quick keyboards dog font,0
computer quick alphabet font,0
computer alphabet brevity,0
computer practice character keyboards dog,0
computer practice quick english dog,0
practice computer keyboards english fox,0
keyboards english alphabet fox,0
practice brevity fox,0
quick character,0
character keyboards alphabet brevity dog,0
character fox,0
quick english alphabet fox,0
practice alphabet fox,0
quick keyboards font,0
quick computer brevity fox,0
computer keyboards dog,0
practice character quick keyboards font,0
character keyboards english alphabet font,0
computer character fox font,0
practice character brevity font,0
character keyboards dog fox font,0
computer english alphabet brevity dog,0
computer practice keyboards english dog,0
quick english alphabet brevity font,0
quick computer practice english fox,0
character quick alphabet dog,0
quick practice keyboards brevity font,0
quick dog fox font,0
computer practice dog fox,0
computer keyboards brevity fox,0
computer english fox,0
quick english brevity dog,0
character english dog font,0
computer keyboards alphabet font,0
character quick alphabet brevity fox,0
practice character keyboards alphabet,0
quick character computer fox,0
quick character keyboards dog fox,0
computer practice english fox font,0
quick computer character english,0
practice keyboards english brevity,0
computer english dog fox font,0
practice keyboards dog font,0
practice keyboards alphabet dog font,0
computer character keyboards english brevity,0
computer keyboards english alphabet brevity,0
english fox font,0
computer english alphabet font,0
practice character dog fox font,0
alphabet brevity dog font,0
quick practice brevity fox font,0
quick brevity,0
keyboards english brevity fox,0
computer character english font,0
quick computer keyboards alphabet,0
computer quick character keyboards,0
practice english font,0
computer keyboards english dog font,0
computer quick keyboards english font,0
character practice keyboards dog font,0
quick keyboards english fox font,0
practice english alphabet dog fox,0
character practice alphabet font,0
character keyboards english brevity fox,0
quick english dog,0
computer english brevity fox,0
computer english alphabet brevity fox,0
keyboards english alphabet font,0
quick brevity dog fox font,0
character computer alphabet,0
keyboards english font,0
computer alphabet,0
keyboards alphabet dog fox font,0
practice quick keyboards alphabet font,0
computer keyboards brevity font,0
computer,2
quick character english brevity font,0
practice alphabet brevity font,0
english dog font,0
character english fox font,0
computer practice keyboards english font,0
character alphabet brevity dog font,0
computer character practice english brevity,0
computer quick fox,0
computer quick keyboards brevity,0
practice character keyboards alphabet brevity,0
computer practice alphabet dog font,0
practice character quick fox font,0
practice brevity dog fox font,0
quick,1
computer character keyboards font,0
practice quick brevity dog font,0
practice computer english brevity,0
computer brevity,0
practice keyboards alphabet fox font,0
character quick english font,0
computer english alphabet brevity font,0
computer keyboards font,0
quick practice dog fox,0
keyboards english fox,0
practice keyboards brevity dog font,0
practice character keyboards dog fox,0
computer character english brevity dog,0
character alphabet brevity dog fox,0
computer character english alphabet fox,0
computer character english brevity font,0
quick alphabet dog fox font,0
english alphabet brevity,0
keyboards,2
computer character brevity,0
quick practice keyboards alphabet dog,0
quick english font,0
practice alphabet brevity fox,0
quick character keyboards english brevity,0
character english brevity,0
practice keyboards dog fox,0
character keyboards english fox,0
quick practice character dog fox,0
practice character alphabet brevity font,0
computer character keyboards english alphabet,0
computer keyboards english fox font,0
computer quick font,0
quick english brevity font,0
computer character,0
quick computer character english alphabet,0
computer quick english fox font,0
quick keyboards english brevity,0
practice character computer english,0
character keyboards english font,0
practice character quick dog font,0
practice keyboards brevity dog fox,0
quick computer keyboards english dog,0
practice alphabet brevity dog,0
practice character alphabet brevity fox,0
character computer english alphabet font,0
computer english alphabet fox,0
keyboards english brevity font,0
practice quick alphabet fox font,0
computer english brevity dog,0
character computer english brevity fox,0
quick computer english alphabet brevity,0
computer quick keyboards,0
quick english fox,0
practice dog fox font,0
practice character alphabet dog,0
quick alphabet brevity fox font,0
computer practice character keyboards brevity,0
computer alphabet dog,0
alphabet,2
computer character english alphabet dog,0
quick computer brevity dog fox,0
english dog fox,0
character alphabet dog fox,0
quick practice keyboards fox font,0
character english alphabet,0
computer practice font,0
quick computer english brevity,0
keyboards alphabet dog font,0
computer quick character brevity font,0
practice keyboards alphabet brevity fox,0
computer character english dog font,0
practice character fox font,0
quick keyboards english alphabet,0
english alphabet dog fox font,0
quick brevity fox,0
character keyboards english dog,0
computer practice quick character keyboards,0
quick practice brevity,0
computer character keyboards fox,0
practice computer alphabet,0
quick practice alphabet brevity font,0
computer character keyboards brevity dog,0
character english font,0
quick practice keyboards alphabet fox,0
computer practice english dog fox,0
quick character english fox,0
practice character alphabet brevity dog,0
computer fox font,0
keyboards alphabet brevity dog fox,0
practice english dog,0
keyboards english alphabet brevity,0
practice character dog font,0
practice character alphabet fox,0
quick character english brevity dog,0
computer character keyboards brevity fox,0
english brevity dog fox,0
quick computer english,0
quick practice character alphabet dog,0
computer brevity dog font,0
character quick keyboards alphabet font,0
keyboards dog,0
character english brevity fox,0
quick computer character keyboards dog,0
quick keyboards alphabet dog fox,0
quick keyboards english brevity font,0
quick alphabet fox font,0
computer practice character english font,0
alphabet brevity,1
quick character keyboards brevity,0
computer practice character keyboards,0
quick computer character alphabet brevity,0
quick practice character english brevity,0
practice english alphabet fox font,0
character brevity dog fox font,0
quick alphabet brevity dog font,0
practice keyboards brevity fox font,0
computer quick dog font,0
character keyboards alphabet brevity font,0
quick computer practice brevity fox,0
font,1
alphabet brevity fox font,0
computer character brevity font,0
quick alphabet,0
practice computer keyboards english alphabet,0
practice character quick english,0
character keyboards english brevity dog,0
practice keyboards alphabet fox,0
keyboards alphabet brevity dog font,0
character keyboards,0
computer character practice english fox,0
character english alphabet brevity,0
computer alphabet fox,0
quick computer keyboards alphabet brevity,0
computer character keyboards dog,0
quick font,0
computer character quick font,0
computer brevity fox font,0
character computer alphabet brevity,0
character quick dog fox font,0
keyboards alphabet dog fox,0
practice character english brevity,0
brevity fox,0
quick english dog fox,0
computer practice keyboards brevity dog,0
quick keyboards alphabet dog font,0
quick keyboards english brevity fox,0
computer english brevity,0
practice quick alphabet font,0
keyboards brevity dog fox font,0
character alphabet dog font,0
practice computer character english alphabet,0
practice keyboards alphabet font,0
quick keyboards english alphabet brevity,0
character computer quick alphabet,0
practice computer alphabet fox font,0
quick fox,1
computer quick fox font,0
fox,1
computer character quick keyboards fox,0
character keyboards brevity,0
quick character english dog,0
practice english fox,0
quick keyboards dog fox font,0
computer dog font,0
character computer keyboards brevity font,0
quick character english brevity fox,0
practice character keyboards english,0
character computer keyboards alphabet,0
practice english alphabet dog font,0
quick practice computer brevity dog,0
character dog fox font,0
keyboards alphabet brevity fox font,0
computer keyboards english brevity,0
character quick keyboards,0
keyboards fox,0
quick alphabet dog font,0
computer quick keyboards brevity font,0
quick character keyboards english dog,0
character english brevity dog,0
practice keyboards fox font,0
character quick english alphabet brevity,0
english alphabet dog,0
brevity font,0
quick keyboards english brevity dog,0
practice,1
english brevity dog font,0
computer character practice english dog,0
character quick keyboards fox font,0
practice english alphabet,0
character computer keyboards alphabet brevity,0
quick keyboards brevity dog,0
character keyboards alphabet brevity fox,0
quick keyboards alphabet fox font,0
computer quick practice brevity font,0
quick computer keyboards english,0
quick keyboards fox,0
character practice english alphabet font,0
practice character,0
computer practice english alphabet dog,0
computer practice dog,0
computer keyboards brevity dog fox,0
quick character computer brevity dog,0
computer alphabet dog fox font,0
practice alphabet font,0
quick computer practice alphabet brevity,0
computer practice keyboards brevity fox,0
quick character alphabet brevity font,0
character quick computer keyboards alphabet,0
computer english alphabet dog fox,0
character quick keyboards alphabet fox,0
quick alphabet brevity,0
practice keyboards english dog,0
quick character practice keyboards english,0
computer english,0
quick english brevity dog fox,0
brevity dog,0
alphabet fox font,0
dog,1
keyboards dog fox font,0
quick character brevity,0
quick practice computer character,0
quick practice keyboards brevity,0
practice english brevity font,0
computer practice english dog font,0
computer practice quick keyboards dog,0
computer keyboards dog font,0
alphabet dog font,0
character dog,0
quick dog,0
quick brevity font,0
computer character english,0
practice character keyboards english brevity,0
quick practice keyboards english brevity,0
character alphabet fox font,0
quick english alphabet dog,0
computer alphabet brevity fox,0
quick computer alphabet brevity dog,0
character english alphabet fox font,0
quick practice english brevity dog,0
character keyboards brevity fox font,0
quick computer brevity fox font,0
computer practice brevity dog,0
computer dog fox,0
computer practice keyboards font,0
computer quick character brevity fox,0
practice computer english alphabet fox,0
keyboards brevity fox,0
quick practice english fox,0
english alphabet brevity dog,0
quick computer alphabet fox,0
computer character practice dog,0
quick practice,0
practice quick english alphabet,0
computer quick alphabet dog,0
character keyboards fox font,0
computer keyboards dog fox,0
character quick alphabet font,0
computer practice quick dog,0
computer keyboards english,0
computer brevity dog fox,0
keyboards brevity dog,0
practice character computer fox,0
keyboards alphabet fox font,0
practice english brevity fox,0
computer practice brevity font,0
practice character brevity,0
computer practice quick keyboards brevity,0
quick practice keyboards english dog,0
quick keyboards brevity fox,0
computer practice fox,0
computer character brevity dog fox,0
practice keyboards,0
practice english alphabet brevity,0
computer quick dog fox,0
character keyboards alphabet fox,0
character brevity fox,0
computer keyboards brevity dog font,0
quick keyboards dog,0
character alphabet brevity font,0
computer practice quick font,0
computer practice keyboards dog,0
quick practice character,0
practice computer alphabet brevity,0
practice character computer brevity,0
computer keyboards alphabet dog,0
practice keyboards english brevity dog,0
computer keyboards alphabet brevity dog,0
computer practice brevity fox,0
quick practice computer keyboards fox,0
quick practice english dog,0
practice keyboards brevity,0
computer character dog fox,0
practice keyboards english alphabet font,0
character quick computer dog fox,0
practice character english dog,0
quick brevity dog,0
quick computer keyboards alphabet dog,0
character english alphabet dog font,0
quick english alphabet brevity dog,0
character brevity dog,0
practice computer quick alphabet,0
computer practice keyboards fox,0
practice english brevity dog,0
quick practice computer fox,0
computer alphabet brevity dog,0
practice brevity,0
quick practice english alphabet brevity,0
quick practice keyboards,0
quick practice character computer brevity,0
quick practice english brevity fox,0
computer practice keyboards brevity font,0
quick computer alphabet brevity fox,0
practice computer keyboards alphabet,0
computer character alphabet fox font,0
character keyboards alphabet font,0
computer quick brevity dog font,0
quick computer keyboards dog fox,0
practice character english fox font,0
quick character dog,0
keyboards english alphabet dog font,0
keyboards english dog font,0
computer character dog,0
computer keyboards brevity fox font,0
computer practice dog fox font,0
computer character alphabet dog,0
computer practice english font,0
practice brevity dog font,0
quick character brevity fox font,0
character,1
practice alphabet brevity dog font,0
character keyboards dog font,0
computer practice quick keyboards,0
computer practice english alphabet font,0
practice character keyboards brevity fox,0
english alphabet font,0
character english dog fox font,0
practice character computer alphabet font,0
english font,0
character alphabet,0
practice alphabet fox font,0
quick computer alphabet brevity,0
quick practice character brevity font,0
practice keyboards english brevity fox,0
practice fox font,0
quick computer keyboards dog,0
practice keyboards dog fox font,0
character english alphabet dog fox,0
character keyboards alphabet dog font,0
computer quick brevity,0
computer english alphabet fox font,0
quick practice english brevity font,0
quick character fox,0
quick computer alphabet,0
computer english fox font,0
quick character keyboards english font,0
practice character english brevity dog,0
computer quick keyboards alphabet fox,0
quick computer keyboards brevity dog,0
practice character english alphabet fox,0
keyboards english brevity dog fox,0
computer character keyboards english fox,0
character alphabet brevity fox,0
alphabet dog fox font,0
dog fox font,0
practice character computer brevity fox,0
quick english alphabet fox font,0
computer character alphabet dog font,0
quick keyboards,0
quick english fox font,0
practice character keyboards font,0
practice character keyboards alphabet font,0
computer character brevity dog,0
computer english brevity dog font,0
computer practice keyboards alphabet brevity,0
character computer alphabet fox,0
quick keyboards alphabet brevity font,0
quick keyboards alphabet,0
computer quick character english font,0
quick alphabet dog fox,0
computer english brevity dog fox,0
character keyboards alphabet fox font,0
quick english,0
computer character keyboards english font,0
character keyboards brevity dog font,0
quick keyboards alphabet brevity fox,0
practice keyboards english fox,0
computer alphabet brevity font,0
quick english brevity dog font,0
computer character fox,0
character brevity,0
computer character english brevity,0
keyboards brevity font,0
practice character keyboards fox,0
quick computer keyboards brevity fox,0
quick keyboards english dog,0
character keyboards dog fox,0
practice quick english font,0
keyboards english brevity dog font,0
practice english brevity,0
quick computer keyboards english brevity,0
practice dog font,0
computer practice english brevity font,0
practice character quick font,0
keyboards english alphabet fox font,0
practice brevity fox font,0
practice character alphabet brevity,0
computer practice quick dog fox,0
english alphabet brevity font,0
computer quick english alphabet dog,0
character quick font,0
practice character computer,0
quick computer keyboards fox,0
character alphabet brevity dog,0
brevity dog fox font,0
computer character alphabet dog fox,0
quick practice dog,0
quick keyboards brevity,0
practice english dog fox font,0
character keyboards english alphabet brevity,0
keyboards english dog fox,0
keyboards english brevity fox font,0
computer english alphabet dog font,0
character keyboards brevity dog fox,0
computer character brevity fox,0
practice character english alphabet dog,0
character quick keyboards alphabet dog,0
quick practice keyboards english,0
quick character brevity dog font,0
quick english dog font,0
practice alphabet brevity dog fox,0
quick brevity dog fox,0
computer keyboards fox font,0
english alphabet brevity fox,0
character practice keyboards brevity font,0
quick character alphabet fox font,0
quick english brevity fox font,0
practice computer quick english alphabet,0
computer practice alphabet dog,0
practice character computer alphabet fox,0
practice character computer brevity dog,0
computer keyboards alphabet brevity,0
practice keyboards english font,0
computer practice english brevity fox,0
character quick computer keyboards font,0
computer character keyboards brevity,0
practice english,0
practice character english,0
practice alphabet dog fox,0
quick computer practice english brevity,0
computer font,0
character practice alphabet dog fox,0
character quick practice keyboards alphabet,0
quick character english brevity,0
computer keyboards brevity,0
character practice dog fox,0
computer character practice alphabet dog,0
quick character keyboards english fox,0
quick english alphabet brevity,0
quick practice brevity fox,0
quick computer english alphabet fox,0
quick english brevity,0
computer english dog fox,0
quick alphabet brevity dog fox,0
computer character font,0
quick character computer keyboards english,0
practice keyboards alphabet dog,0
quick character computer english fox,0
computer alphabet font,0
quick character brevity dog fox,0
character practice keyboards dog,0
quick computer keyboards english alphabet,0
quick keyboards alphabet brevity dog,0
quick keyboards english fox,0
character computer english alphabet,0
character quick alphabet dog font,0
keyboards font,0
computer keyboards english dog,0
computer keyboards english brevity font,0
quick practice alphabet fox,0
practice character quick computer english,0
computer brevity fox,0
character computer english dog fox,0
quick practice keyboards alphabet brevity,0
english alphabet fox,0
computer keyboards english alphabet dog,0
english fox,0
quick computer english brevity dog,0
practice quick dog fox font,0
english brevity dog,0
quick computer english fox,0
character keyboards english,0
practice quick brevity dog,0
practice keyboards alphabet brevity font,0
character keyboards alphabet dog fox,0
computer keyboards alphabet,0
character english dog,0
quick practice alphabet brevity dog,0
computer quick keyboards font,0
character quick english alphabet,0
practice computer english fox,0
practice dog fox,0
quick practice character brevity fox,0
computer practice alphabet brevity dog,0
quick english alphabet,0
practice computer keyboards english,0
computer character quick english dog,0
practice alphabet brevity fox font,0
practice keyboards alphabet brevity dog,0
quick character english,0
practice character brevity dog fox,0
computer keyboards,2
quick computer english dog,0
english brevity fox,0
computer english alphabet brevity,0
practice character brevity fox font,0
keyboards english fox font,0
computer keyboards english alphabet font,0
computer brevity font,0
character keyboards english alphabet,0
practice character quick alphabet font,0
computer fox,0
practice character keyboards alphabet fox,0
practice character keyboards brevity dog,0
computer keyboards english brevity dog,0
computer quick,0
character quick alphabet dog fox,0
character english brevity font,0
computer practice character keyboards english,0
practice quick keyboards dog font,0
quick computer english brevity fox,0
computer quick character,0
english dog,0
english brevity font,0
alphabet brevity dog fox font,0
character practice keyboards alphabet dog,0
character keyboards english brevity,0
character english fox,0
quick practice character brevity dog,0
computer keyboards english alphabet fox,0
practice character quick alphabet fox,0
computer character english fox font,0
quick keyboards english font,0
practice alphabet dog font,0
quick practice alphabet brevity fox,0
computer english brevity fox font,0
practice character brevity dog font,0
keyboards english alphabet,0
practice computer quick english,0
practice character alphabet fox font,0
computer character keyboards english dog,0
quick practice keyboards dog fox,0
character computer english alphabet brevity,0
quick computer english alphabet font,0
practice quick alphabet dog,0
computer english dog font,0
computer character keyboards,0
practice brevity dog fox,0
